stem	past	past participle	3 SG	ing	cefr	tr	zh
abash	abashed	abashed	abashes	abashing		utandırmak	使尴尬
abate	abated	abated	abates	abating		azaltmak	减弱
abide	abode	abode	abides	abiding		uymak	遵守
absorb	absorbed	absorbed	absorbs	absorbing	B1	emmek	吸收
accept	accepted	accepted	accepts	accepting	A2	kabul etmek	接受
accompany	accompanied	accompanied	accompanies	accompanying	B1	eşlik etmek	陪伴
ache	ached	ached	aches	aching	B2	ağrımak	疼痛
achieve	achieved	achieved	achieves	achieving	A2	başarmak için	实现
acquire	acquired	acquired	acquires	acquiring	B1	edinmek	获得
act	acted	acted	acts	acting	B1	hareket etmek	采取行动
add	added	added	adds	adding	A1	eklemek	添加
address	addressed	addressed	addresses	addressing	B1	hitap etmek	解决
adjust	adjusted	adjusted	adjusts	adjusting	A2	ayarlamak	调整
admire	admired	admired	admires	admiring	A2	hayranlık duymak	钦佩
admit	admitted	admitted	admits	admitting	A2	kabul etmek	承认
advise	advised	advised	advises	advising	A2	tavsiyede bulunmak	建议
afford	afforded	afforded	affords	affording	B1	karşılayabilmek	负担得起
agree	agreed	agreed	agrees	agreeing	A1	kabul etmek	同意
alight	alit	alit	alights	alighting		inmek	下车
allow	allowed	allowed	allows	allowing	A2	izin vermek	允许
animate	animated	animated	animates	animating	B2	canlandırmak	使生动
announce	announced	announced	announces	announcing	B1	duyurmak	宣布
answer	answered	answered	answers	answering	A1	cevaplamak	回答
apologize	apologized	apologized	apologizes	apologizing		özür dilemek	道歉
appear	appeared	appeared	appears	appearing	A2	görünmek	出现
applaud	applauded	applauded	applauds	applauding	B1	alkışlamak	鼓掌
apply	applied	applied	applies	applying	A2	başvurmak	申请
approach	approached	approached	approaches	approaching	B2	yaklaşmak	接近
approve	approved	approved	approves	approving	B1	onaylamak	批准
argue	argued	argued	argues	arguing	A2	tartışmak	争论
arise	arose	arisen	arises	arising	B1	ortaya çıkmak	出现
arrange	arranged	arranged	arranges	arranging	B1	düzenlemek	安排
arrest	arrested	arrested	arrests	arresting	B1	tutuklamak	逮捕
ask	asked	asked	asks	asking	A1	sormak	问
assert	asserted	asserted	asserts	asserting	B2	iddia etmek	断言
assort	assorted	assorted	assorts	assorting		çeşitlendirmek	分类
astonish	astonished	astonished	astonishes	astonishing	B2	şaşırtmak	令人震惊
attack	attacked	attacked	attacks	attacking	A2	saldırmak	攻击
attend	attended	attended	attends	attending	B1	katılmak	参加
attract	attracted	attracted	attracts	attracting	B1	çekmek	吸引
audit	audited	audited	audits	auditing	B2	denetlemek	审计
avoid	avoided	avoided	avoids	avoiding	A2	kaçınmak için	避免
awake	awoke	awoken	awakes	awaking	A1	uyanmak	醒来
bang	banged	banged	bangs	banging	B1	çarpmak	砰
banish	banished	banished	banishes	banishing		sürgün etmek	放逐
bash	bashed	bashed	bashes	bashing		vurmak	抨击
bat	batted	batted	bats	batting	B1	vuruş yapmak	击球
be (am,are)	was / were	been	is	being		olmak	是（是）
bear	bore	born	bears	bearing	A2	taşımak	承受
bear	bore	borne	bears	bearing	A2	taşımak	承受
beat	beat	beaten	beats	beating	B1	yenmek	击败
beautify	beautified	beautified	beautifies	beautifying	B2	güzelleştirmek	美化
become	became	become	becomes	becoming	A1	olmak	成为
befall	befell	befallen	befalls	befalling		başına gelmek	降临
beg	begged	begged	begs	begging	A2	yalvarmak	乞讨
begin	began	begun	begins	beginning	A1	başlamak için	开始
behave	behaved	behaved	behaves	behaving	B1	davranmak	行为举止
behold	beheld	beheld	beholds	beholding		görmek	观看
believe	believed	believed	believes	believing	A1	inanmak	相信
belong	belonged	belonged	belongs	belonging	A2	ait olmak	归属
bend	bent	bent	bends	bending	A2	eğilmek	弯曲
bereave	bereft	bereft	bereaves	bereaving		yas tutmak	丧亲
beseech	besought	besought	beseeches	beseeching		yalvarmak	恳求
bet	bet	bet	bets	betting	B1	bahis yapmak	打赌
betray	betrayed	betrayed	betrays	betraying	B2	ihanet etmek	背叛
bid	bade	bidden	bids	bidding	B2	teklif vermek	出价
bid	bid	bid	bids	bidding	B2	teklif vermek	出价
bind	bound	bound	binds	binding	B2	bağlamak	绑定
bite	bit	bitten	bites	biting	B1	ısırmak	咬
bleed	bled	bled	bleeds	bleeding	B1	kanamak	流血
bless	blessed	blessed	blesses	blessing	B1	kutsamak	祝福
blossom	blossomed	blossomed	blossoms	blossoming	B2	çiçek açmak	开花
blow	blew	blown	blows	blowing	A1	üflemek	吹
blur	blurred	blurred	blurs	blurring	B2	bulanıklaştırmak	模糊
blush	blushed	blushed	blushes	blushing	B2	kızarmak	脸红
board	boarded	boarded	boards	boarding	B1	binmek	登机
boast	boasted	boasted	boasts	boasting	B1	övünmek	吹嘘
boil	boiled	boiled	boils	boiling	A2	kaynatmak	煮沸
bow	bowed	bowed	bows	bowing	B2	eğilmek	鞠躬
box	boxed	boxed	boxes	boxing	A1	kutuya	装箱
bray	brayed	brayed	brays	braying		anırmak	嘶叫
break	broke	broken	breaks	breaking	A1	kırmak	打破
breathe	breathed	breathed	breathes	breathing	A1	nefes almak	呼吸
breed	bred	bred	breeds	breeding	B1	yetiştirmek	繁殖
bring	brought	brought	brings	bringing	A1	getirmek	带来
broadcast	broadcast	broadcast	broadcasts	broadcasting	B2	yayınlamak	广播
brush	brushed	brushed	brushes	brushing	A1	fırçalamak	刷
build	built	built	builds	building	A1	inşa etmek	建造
burn	burnt	burnt	burns	burning	B1	yakmak	燃烧
burst	burst	burst	bursts	bursting	B1	patlamak	爆裂
bury	buried	buried	buries	burying	A2	gömmek	埋葬
bust	bust	bust	busts	busting	B1	patlamak	破产
buy	bought	bought	buys	buying	A1	satın almak	购买
buzz	buzzed	buzzed	buzzes	buzzing	B2	vızıldamak	嗡嗡作响
calculate	calculated	calculated	calculates	calculating	B1	hesaplamak	计算
call	called	called	calls	calling	A2	aramak	打电话
canvass	canvassed	canvassed	canvasses	canvassing		anket yapmak	拉票
capture	captured	captured	captures	capturing	B1	yakalamak	捕捉
caress	caressed	caressed	caresses	caressing		okşamak	爱抚
carry	carried	carried	carries	carrying	A1	taşımak	携带
carve	carved	carved	carves	carving	B2	oymak	雕刻
cash	cashed	cashed	cashes	cashing	A2	nakite	兑现
cast	cast	cast	casts	casting	B2	atmak	施放
catch	caught	caught	catches	catching	A1	yakalamak	捕捉
cause	caused	caused	causes	causing	A2	sebep olmak	导致
cease	ceased	ceased	ceases	ceasing	B2	sona erdirmek	停止
celebrate	celebrated	celebrated	celebrates	celebrating	A1	kutlamak için	庆祝
challenge	challenged	challenged	challenges	challenging	B2	meydan okumak	挑战
change	changed	changed	changes	changing	A1	değiştirmek	改变
charge	charged	charged	charges	charging	B1	şarj etmek	充电
chase	chased	chased	chases	chasing	B2	kovalamak	追逐
chat	chatted	chatted	chats	chatting	A2	sohbet etmek	聊天
check	checked	checked	checks	checking	A2	kontrol etmek için	检查
cheer	cheered	cheered	cheers	cheering	A2	tezahürat etmek	欢呼
chew	chewed	chewed	chews	chewing	B2	çiğnemek	咀嚼
chide	chid	chid/chidden	chides	chiding		azarlamak	责备
chip	chipped	chipped	chips	chipping	B2	çiplemek	碎片
choke	choked	choked	chokes	choking	B1	boğulmak	窒息
choose	chose	chosen	chooses	choosing	A1	seçmek	选择
classify	classified	classified	classifies	classifying	B1	sınıflandırmak	分类
clean	cleaned	cleaned	cleans	cleaning	A1	temizlemek	清洁
cleave	clove/cleft	cloven/cleft	cleaves	cleaving		ayırmak	劈开
click	clicked	clicked	clicks	clicking	A2	tıklamak	点击
climb	climbed	climbed	climbs	climbing	A2	tırmanmak	攀登
cling	clung	clung	clings	clinging		tutunmak	紧贴
close	closed	closed	closes	closing	A1	kapatmak	关闭
clothe	clad	clad	clothes	clothing		giydirmek	穿衣服
clutch	clutched	clutched	clutches	clutching		kavramak	抓住
collapse	collapsed	collapsed	collapses	collapsing	B2	çökmek	崩溃
collect	collected	collected	collects	collecting	A1	toplamak	收集
colour	coloured	coloured	colours	colouring		renklendirmek	着色
come	came	come	comes	coming	A1	gelmek	即将到来
comment	commented	commented	comments	commenting	B2	yorum yapmak	评论
compare	compared	compared	compares	comparing	A2	karşılaştırmak	比较
compel	compelled	compelled	compels	compelling		zorlamak	强迫
compete	competed	competed	competes	competing	B1	rekabet etmek	竞争
complain	complained	complained	complains	complaining	A2	şikayet etmek	抱怨
complete	completed	completed	completes	completing	B1	tamamlamak için	完成
conclude	concluded	concluded	concludes	concluding	B1	sonuçlandırmak için	总结
conduct	conducted	conducted	conducts	conducting	B2	yürütmek	进行
confess	confessed	confessed	confesses	confessing	B2	itiraf etmek	坦白
confine	confined	confined	confines	confining	B2	sınırlamak	限制
confiscate	confiscated	confiscated	confiscates	confiscating		el koymak	没收
confuse	confused	confused	confuses	confusing	A2	karıştırmak	混淆
congratulate	congratulated	congratulated	congratulates	congratulating	B1	tebrik etmek	祝贺
connect	connected	connected	connects	connecting	B1	bağlanmak	连接
connote	connoted	connoted	connotes	connoting		çağrıştırmak	暗示
conquer	conquered	conquered	conquers	conquering	B1	fethetmek	征服
consecrate	consecrated	consecrated	consecrates	consecrating		kutsamak	奉献
consent	consented	consented	consents	consenting	B2	rıza göstermek	同意
conserve	conserved	conserved	conserves	conserving		korumak için	保存
consider	considered	considered	considers	considering	A2	dikkate almak	考虑
consign	consigned	consigned	consigns	consigning		teslim etmek	托运
consist	consisted	consisted	consists	consisting	A2	oluşmak	组成
console	consoled	consoled	consoles	consoling	B2	teselli etmek	安慰
consort	consorted	consorted	consorts	consorting		eşlik etmek	结交
conspire	conspired	conspired	conspires	conspiring		komplo kurmak	密谋
constitute	constituted	constituted	constitutes	constituting	B1	oluşturmak	构成
constrain	constrained	constrained	constrains	constraining		kısıtlamak	约束
construct	constructed	constructed	constructs	constructing	B1	inşa etmek	构建
construe	construed	construed	construes	construing		yorumlamak	解释
consult	consulted	consulted	consults	consulting	B2	danışmak	咨询
contain	contained	contained	contains	containing	B1	içermek	包含
contemn	contemned	contemned	contemns	contemning		küçümsemek	蔑视
contend	contended	contended	contends	contending		mücadele etmek	争辩
contest	contested	contested	contests	contesting	A1	yarışmak	竞争
continue	continued	continued	continues	continuing	A2	devam etmek	继续
contract	contracted	contracted	contracts	contracting	B2	sözleşme yapmak	签订合同
contradict	contradicted	contradicted	contradicts	contradicting	B2	çelişmek	反驳
contrast	contrasted	contrasted	contrasts	contrasting	A2	tezat oluşturmak için	对比
contribute	contributed	contributed	contributes	contributing	B1	katkıda bulunmak	贡献
contrive	contrived	contrived	contrives	contriving		tasarlamak	设计
control	controlled	controlled	controls	controlling	B1	kontrol etmek	控制
convene	convened	convened	convenes	convening		toplamak	召集
converge	converged	converged	converges	converging		birleşmek	汇聚
converse	conversed	conversed	converses	conversing	B2	sohbet etmek	交谈
convert	converted	converted	converts	converting	B2	dönüştürmek	转换
convey	conveyed	conveyed	conveys	conveying	B1	iletmek	传达
convict	convicted	convicted	convicts	convicting		mahkum etmek	定罪
convince	convinced	convinced	convinces	convincing	B1	ikna etmek	说服
coo	cooed	cooed	coos	cooing		coo yapmak	咕咕叫
cook	cooked	cooked	cooks	cooking	A1	pişirmek	做饭
cool	cooled	cooled	cools	cooling	B2	soğutmak	冷却
co-operate	co-operated	co-operated	co-operates	co-operating		işbirliği yapmak	合作
cope	coped	cope	copes	coping	B2	başa çıkmak için	应对
copy	copied	copied	copies	copying	A2	kopyalamak	复制
correct	corrected	corrected	corrects	correcting	B2	düzeltmek için	纠正
correspond	corresponded	corresponded	corresponds	corresponding	B2	karşılık gelmek	对应
corrode	corroded	corroded	corrodes	corroding		aşındırmak	腐蚀
corrupt	corrupted	corrupted	corrupts	corrupting	B2	bozmak	腐败
cost	cost	cost	costs	costing	A2	maliyetine	花费
cough	coughed	coughed	coughs	coughing	B1	öksürmek	咳嗽
counsel	counselled	counselled	counsels	counselling		danışmanlık yapmak	劝告
count	counted	counted	counts	counting	A2	saymak	数数
course	coursed	coursed	courses	coursing	A1	tabii ki	当然
cover	covered	covered	covers	covering	A2	örtmek	覆盖
cower	cowered	cowered	cowers	cowering		korkmak	畏缩
crack	cracked	cracked	cracks	cracking	B2	çatlamak	破解
crackle	crackled	crackled	crackles	crackling		çıtırdamak	噼啪作响
crash	crashed	crashed	crashes	crashing	B1	çökmek	崩溃
crave	craved	craved	craves	craving		özlem duymak	渴望
create	created	created	creates	creating	A2	yaratmak	创造
creep	crept	crept	creeps	creeping		sürünmek	爬行
crib	cribbed	cribbed	cribs	cribbing		beşik yapmak	抄袭
cross	crossed	crossed	crosses	crossing	A2	geçmek	穿越
crowd	crowded	crowded	crowds	crowding	A2	kalabalığa	人群
crush	crushed	crushed	crushes	crushing	B1	ezmek	粉碎
cry	cried	cried	cries	crying	A2	ağlamak	哭泣
curb	curbed	curbed	curbs	curbing		dizginlemek	抑制
cure	cured	cured	cures	curing	B2	tedavi etmek	治愈
curve	curved	curved	curves	curving	B1	eğrilmek	弯曲
cut	cut	cut	cuts	cutting	A1	kesmek	切割
cycle	cycled	cycled	cycles	cycling	B1	bisiklet sürmek	循环
damage	damaged	damaged	damages	damaging	B1	zarar vermek	损坏
damp	damped	damped	damps	damping	B1	nemli	潮湿
dance	danced	danced	dances	dancing	A1	dans etmek	跳舞
dare	dared	dared	dares	daring	B1	cesaret etmek	敢于
dash	dashed	dashed	dashes	dashing	B2	koşmak	冲刺
dazzle	dazzled	dazzled	dazzles	dazzling	B1	göz kamaştırmak	令人眼花缭乱
deal	dealt	dealt	deals	dealing	B1	başa çıkmak	处理
decay	decayed	decayed	decays	decaying	B2	çürümeye	腐烂
decide	decided	decided	decides	deciding	A2	karar vermek	决定
declare	declared	declared	declares	declaring	B1	ilan etmek	声明
decorate	decorated	decorated	decorates	decorating	B2	süslemek	装饰
decrease	decreased	decreased	decreases	decreasing	B1	azaltmak	减少
dedicate	dedicated	dedicated	dedicates	dedicating	B1	adamak	奉献
delay	delayed	delayed	delays	delaying	B1	geciktirmek	拖延
delete	deleted	deleted	deletes	deleting	B1	silmek	删除
deny	denied	denied	denies	denying	B1	inkar etmek	否认
depend	depended	depended	depends	depending	A2	bağımlı olmak	依赖
deprive	deprived	deprived	deprives	depriving	B1	mahrum bırakmak	剥夺
derive	derived	derived	derives	deriving	B1	türetmek	推导
describe	described	described	describes	describing	A1	tanımlamak	描述
desire	desired	desired	desires	desiring	B2	arzulamak	渴望
destroy	destroyed	destroyed	destroys	destroying	A2	yok etmek	摧毁
detach	detached	detached	detaches	detaching	B2	ayırmak	分离
detect	detected	detected	detects	detecting	B2	tespit etmek	检测
determine	determined	determined	determines	determining	B1	belirlemek için	确定
develop	developed	developed	develops	developing	A2	geliştirmek	发展
die	died	died	dies	dying	A2	ölmek	死亡
differ	differed	differed	differs	differing	B1	farklı olmak	不同
dig	dug	dug	digs	digging	B1	kazmak	挖掘
digest	digested	digested	digests	digesting	B2	sindirmek	消化
dim	dimmed	dimmed	dims	dimming	B2	karartmak	变暗
diminish	diminished	diminished	diminishes	diminishing		azaltmak	减少
dine	dined	dined	dines	dining		yemek yemek	吃饭
dip	dipped	dipped	dips	dipping	B2	daldırmak	浸
direct	directed	directed	directs	directing	B1	yönlendirmek	指导
disappear	disappeared	disappeared	disappears	disappearing	A2	kaybolmak	消失
discover	discovered	discovered	discovers	discovering	A2	keşfetmek	发现
discuss	discussed	discussed	discusses	discussing	A1	tartışmak	讨论
disobey	disobeyed	disobeyed	disobeys	disobeying		itaatsizlik etmek	不服从
display	displayed	displayed	displays	displaying	B1	görüntülemek için	显示
dispose	disposed	disposed	disposes	disposing		elden çıkarmak	处置
distribute	distributed	distributed	distributes	distributing	B1	dağıtmak	分发
disturb	disturbed	disturbed	disturbs	disturbing	A2	rahatsız etmek	打扰
disuse	disused	disused	disuses	disusing		kullanılmamak	废弃
dive	dived 	dived	dives	diving	B1	dalmak	潜水
divide	divided	divided	divides	dividing	A2	bölmek	划分
do	did	done	does	doing	A1	yapmak	要做
donate	donated	donated	donates	donating	B2	bağışlamak	捐赠
download	downloaded	downloaded	downloads	downloading	A2	indirmek için	下载
drag	dragged	dragged	drags	dragging	B1	sürüklemek	拖动
draw	drew	drawn	draws	drawing	A1	çizmek	画
dream	dreamt	dreamt	dreams	dreaming	A2	rüya görmek	做梦
dress	dressed	dressed	dresses	dressing	A2	giyinmek	穿衣
drill	drilled	drilled	drills	drilling	A2	delmek	钻孔
drink	drank	drunk	drinks	drinking	A1	içmek	喝
drive	drove	driven	drives	driving	A2	sürmek	开车
drop	dropped	dropped	drops	dropping	A1	düşürmek	放下
dry	dried	dried	dries	drying	A2	kurutmak	晾干
dump	dumped	dumped	dumps	dumping	B1	dökmek	倾倒
dwell	dwelt	dwelt	dwells	dwelling		ikamet etmek	居住
dye	dyed	dyed	dyes	dyeing	B2	boyamak	染色
earn	earned	earned	earns	earning	A2	kazanmak	赚取
eat	ate	eaten	eats	eating	A1	yemek	吃
educate	educated	educated	educates	educating	B1	eğitmek	教育
empower	empowered	empowered	empowers	empowering		güçlendirmek	授权
empty	emptied	emptied	empties	emptying	A2	boşaltmak	清空
encircle	encircled	encircled	encircles	encircling		kuşatmak	包围
encourage	encouraged	encouraged	encourages	encouraging	A2	teşvik etmek	鼓励
encroach	encroached	encroached	encroaches	encroaching		tecavüz etmek	侵占
endanger	endangered	endangered	endangers	entangling	B1	tehlikeye atmak	危及
endorse	endorsed	endorsed	endorses	endorsing	B2	onaylamak	赞同
endure	endured	endured	endures	enduring	B1	katlanmak	忍受
engrave	engraved	engraved	engraves	engraving		kazımak	雕刻
enjoy	enjoyed	enjoyed	enjoys	enjoying	A1	tadını çıkarmak	享受
enlarge	enlarged	enlarged	enlarges	enlarging		büyütmek	放大
enlighten	enlightened	enlightened	enlightens	enlightening		aydınlatmak	启发
enter	entered	entered	enters	entering	A2	girmek	进入
envy	envied	envied	envies	envying	B2	kıskanmak	羡慕
erase	erased	erased	erases	erasing		silmek	擦除
escape	escaped	escaped	escapes	escaping	B1	kaçmak için	逃跑
evaporate	evaporated	evaporated	evaporates	evaporating		buharlaşmak	蒸发
exchange	exchanged	exchanged	exchanges	exchanging	B1	takas etmek	交换
exclaim	exclaimed	exclaimed	exclaims	exclaiming	B2	haykırmak	惊呼
exclude	excluded	excluded	excludes	excluding	B2	hariç tutmak	排除
exist	existed	existed	exists	existing	A2	var olmak	存在
expand	expanded	expanded	expands	expanding	B1	genişletmek	扩大
expect	expected	expected	expects	expecting	A2	beklemek	期待
explain	explained	explained	explains	explaining	A2	açıklamak	解释
explore	explored	explored	explores	exploring	A2	keşfetmek	探索
express	expressed	expressed	expresses	expressing	B1	ifade etmek	表达
extend	extended	extended	extends	extending	B1	uzatmak	延伸
eye	eyed	eyed	eyes	eyeing	A1	göze	眼睛
face	faced	faced	faces	facing	A2	yüzleşmek	面对
fail	failed	failed	fails	failing	A2	başarısız olmak	失败
faint	fainted	fainted	faints	fainting	B2	bayılmak	晕倒
fall	fell	fallen	falls	falling	A2	düşmek	跌倒
fan	fanned	fanned	fans	fanning	A1	yelpazelemek	扇
fancy	fancied	fancied	fancies	fancying	B1	hayal etmek	幻想
favour	favoured	favoured	favours	favouring		kayırmak	赞成
fax	faxed	faxed	faxes	faxing	B1	fakslamak	传真
feed	fed	fed	feeds	feeding	B1	beslemek	喂养
feel	felt	felt	feels	feeling	A1	hissetmek	去感受
ferry	ferried	ferried	ferries	ferrying	B1	feribota	渡船
fetch	fetched	fetched	fetches	fetching	B1	getirmek	去取
fight	fought	fought	fights	fighting	B1	savaşmak	战斗
fill	filled	filled	fills	filling	A1	doldurmak	填补
find	found	found	finds	finding	A1	bulmak için	找到
finish	finished	finished	finishes	finishing	A1	bitirmek	完成
fish	fished	fished	fishes	fishing	B1	balık tutmak	钓鱼
fit	fit/fitted	fit/fitted	fits	fitting	B2	uyması için	适合
fix	fixed	fixed	fixes	fixing	B1	düzeltmek için	修复
fizz	fizzed	fizzed	fizzes	fizzing		köpürmek	冒泡
flap	flapped	flapped	flaps	flapping	B2	kanat çırpmak	拍打
flash	flashed	flashed	flashes	flashing	B2	yanıp sönmek	闪光
flee	fled	fled	flees	fleeing	B2	kaçmak	逃跑
fling	flung	flung	flings	flinging		fırlatmak	扔
float	floated	floated	floats	floating	B1	yüzmek	漂浮
flop	flopped	flopped	flops	flopping		başarısız olmak	失败
fly	flew	flown	flies	flying	A1	uçmak	飞
fold	folded	folded	folds	folding	B1	katlamak	折叠
follow	followed	followed	follows	following	A2	takip etmek	跟随
forbid	forbade	forbidden	forbids	forbidding	A2	yasaklamak	禁止
force	forced	forced	forces	forcing	B2	zorlamak	强迫
forecast	forecast	forecast	forecasts	forecasting	B1	tahmin etmek	预测
foretell	foretold	foretold	foretells	foretelling		kehanet etmek	预言
forget	forgot	forgotten	forgets	forgetting	A1	unutmak	忘记
forgive	forgave	forgiven	forgives	forgiving	B1	affetmek	原谅
forlese	forlore	forlorn	forlese	forlesing		forlese'ye	为福莱塞
form	formed	formed	forms	forming	B1	oluşturmak	形成
forsake	forsook	forsaken	forsakes	forsaking		terk etmek	放弃
found	founded	founded	founds	founding	B2	kurmak	创立
frame	framed	framed	frames	framing	B2	çerçevelemek	框架
free	freed	freed	frees	freeing	A2	serbest bırakmak	释放
freeze	froze	frozen	freezes	freezing	A2	dondurmak	冻结
frighten	frightened	frightened	frightens	frightening	A2	korkutmak	吓唬
fry	fried	fried	fries	frying	B1	kızartmak	煎炸
fulfil	fulfilled	fulfilled	fulfils	fulfilling		yerine getirmek	履行
gag	gagged	gagged	gags	gagging		ağzını tıkamak	作呕
gain	gained	gained	gains	gaining	B1	kazanmak	获得
gainsay	gainsaid	gainsaid	gainsays	gainsaying		inkar etmek	反驳
gash	gashed	gashed	gashes	gashing		kesmek	划伤
gaze	gazed	gazed	gazes	gazing	B2	bakmak	凝视
get	got	got	gets	getting	A1	almak için	要得到
give	gave	given	gives	giving	A1	vermek	给予
glance	glanced	glanced	glances	glancing	B1	bir göz atmak	瞥一眼
glitter	glittered	glittered	glitters	glittering		parıldamak	闪闪发光
glow	glowed	glowed	glows	glowing	B2	parlamak	发光
go	went	gone	goes	going	A1	gitmek	去
google	googled	googled	googles	googling		Google'a	谷歌
govern	governed	governed	governs	governing	B1	yönetmek	治理
grab	grabbed	grabbed	grabs	grabbing	B1	kapmak	抓住
grade	graded	graded	grades	grading	B2	notlandırmak	评分
grant	granted	granted	grants	granting	B1	vermek	授予
greet	greeted	greeted	greets	greeting	A1	selamlamak	问候
grind	ground	ground	grinds	grinding		öğütmek	研磨
grip	gripped	gripped	grips	gripping	B2	kavramak	抓住
grow	grew	grown	grows	growing	A1	büyümek	成长
guard	guarded	guarded	guards	guarding	B2	korumak için	守卫
guess	guessed	guessed	guesses	guessing	A1	tahmin etmek	猜测
guide	guided	guided	guides	guiding	B1	rehberlik etmek	指导
handle	handled	handled	handles	handling	B1	ele almak	处理
hang	hung	hung	hangs	hanging	B1	asmak	挂
happen	happened	happened	happens	happening	A1	gerçekleşmesi	发生
harm	harmed	harmed	harms	harming	A2	zarar vermek	伤害
hatch	hatched	hatched	hatches	hatching	B1	yumurtadan çıkmak	孵化
hate	hated	hated	hates	hating	A2	nefret etmek	恨
have	had	had	has	having	A1	sahip olmak	拥有
heal	healed	healed	heals	healing	B1	iyileşmek için	治愈
hear	heard	heard	hears	hearing	A1	duymak	听到
heave	hove	hove	heaves	heaving		kaldırmak	举起
help	helped	helped	helps	helping	A1	yardım etmek	帮助
hew	hewed	hewn	hews	hewing		yontmak	砍伐
hide	hid	hidden	hides	hiding	A1	saklanmak	隐藏
hinder	hindered	hindered	hinders	hindering		engellemek	阻碍
hiss	hissed	hissed	hisses	hissing		tıslamak	发出嘶嘶声
hit	hit	hit	hits	hitting	A2	vurmak	击中
hoax	hoaxed	hoaxed	hoaxes	hoaxing		aldatmak	恶作剧
hold	held	held	holds	holding	A2	tutmak	持有
hop	hopped	hopped	hops	hopping	B1	atlamak	跳跃
hope	hoped	hoped	hopes	hoping	B1	umut etmek	希望
horrify	horrified	horrified	horrifies	horrifying	B1	dehşete düşürmek	令人震惊
hug	hugged	hugged	hugs	hugging	A2	sarılmak	拥抱
hum	hummed	hummed	hums	humming		mırıldanmak	哼唱
humiliate	humiliated	humiliated	humiliates	humiliating	B2	aşağılamak	羞辱
hunt	hunted	hunted	hunts	hunting	B1	avlanmak	狩猎
hurl	hurled	hurled	hurls	hurling		fırlatmak	投掷
hurry	hurried	hurried	hurries	hurrying	A2	acele etmek	赶快
hurt	hurt	hurt	hurts	hurting	A1	incitmek	伤害
hush	hushed	hushed	hushes	hushing	B2	susturmak	安静
hustle	hustled	hustled	hustles	hustling		acele etmek	忙碌
hypnotize	hypnotized	hypnotized	hypnotizes	hypnotizing		hipnotize etmek	催眠
idealize	idealized	idealized	idealizes	idealizing		idealleştirmek	理想化
identify	identified	identified	identifies	identifying	B2	tanımlamak	识别
idolize	idolized	idolized	idolizes	idolizing		putlaştırmak	崇拜
ignite	ignited	ignited	ignites	igniting		tutuşturmak	点燃
ignore	ignored	ignored	ignores	ignoring	B1	görmezden gelmek	忽略
ill-treat	ill-treated	ill-treated	ill-treats	ill-treating		kötü muamele etmek	虐待
illuminate	illuminated	illuminated	illuminates	illuminating	B1	aydınlatmak	照亮
illumine	illumined	illumined	illumines	illumining		aydınlatmak	照亮
illustrate	illustrated	illustrated	illustrates	illustrating	B2	açıklamak için	说明
imagine	imagined	imagined	imagines	imagining	A1	hayal etmek	想象
imbibe	imbibed	imbibed	imbibes	imbibing		içmek	吸收
imitate	imitated	imitated	imitates	imitating	B1	taklit etmek	模仿
immerse	immersed	immersed	immerses	immersing	B2	daldırmak	沉浸
immolate	immolated	immolated	immolates	immolating		yakmak	献祭
immure	immured	immured	immures	immuring		hapsetmek	监禁
impair	impaired	impaired	impairs	impairing	B1	bozmak	损害
impart	imparted	imparted	imparts	imparting		aktarmak	传授
impeach	impeached	impeached	impeaches	impeaching		görevden almak	弹劾
impede	impeded	impeded	impedes	impeding		engellemek	阻碍
impel	impelled	impelled	impels	impelling		zorlamak	推动
impend	impended	impended	impends	impending		yaklaşmak	即将发生
imperil	imperilled	imperilled	imperils	imperilling		tehlikeye atmak	危及
impinge	impinged	impinged	impinges	impinging		çarpmak	撞击
implant	implanted	implanted	implants	implanting		yerleştirmek	植入
implicate	implicated	implicated	implicates	implicating		dahil etmek	牵连
implode	imploded	imploded	implodes	imploding		içe çökmek	内爆
implore	implored	implored	implores	imploring		yalvarmak	恳求
imply	implied	implied	implies	implying	B2	ima etmek	暗示
import	imported	imported	imports	importing	B2	ithal etmek	进口
impose	imposed	imposed	imposes	imposing	B2	dayatmak	强加
impress	impressed	impressed	impresses	impressing	A2	etkilemek	留下深刻印象
imprint	imprinted	imprinted	imprints	imprinting		basmak	铭刻
imprison	imprisoned	imprisoned	imprisons	imprisoning	B2	hapsetmek	监禁
improve	improved	improved	improves	improving	A2	geliştirmek	改进
inaugurate	inaugurated	inaugurated	inaugurates	inaugurating		açılışını yapmak	就职
incise	incised	incised	incises	incising		kesmek	切开
include	included	included	includes	including	A2	dahil etmek	包括
increase	increased	increased	increases	increasing	A2	artırmak	增加
inculcate	inculcated	inculcated	inculcates	inculcating		aşılamak	灌输
indent	indented	indented	indents	indenting	B2	girinti yapmak	缩进
indicate	indicated	indicated	indicates	indicating	A2	belirtmek için	表明
induce	induced	induced	induces	inducing		teşvik etmek	诱导
indulge	indulged	indulged	indulges	indulging	B2	şımartmak	放纵
infect	infected	infected	infects	infecting	B2	enfekte etmek	感染
infest	infested	infested	infests	infesting		istila etmek	侵扰
inflame	inflamed	inflamed	inflames	inflaming		alevlendirmek	激怒
inflate	inflated	inflated	inflates	inflating	B2	şişirmek	充气
inflect	inflected	inflected	inflects	inflecting		çekimlemek	屈折
inform	informed	informed	informs	informing	B1	bilgilendirmek	告知
infringe	infringed	infringed	infringes	infringing	B2	ihlal etmek	侵犯
infuse	infused	infused	infuses	infusing		aşılamak	注入
ingest	ingested	ingested	ingests	ingesting		yutmak	摄取
inhabit	inhabited	inhabited	inhabits	inhabiting	B2	ikamet etmek	居住
inhale	inhaled	inhaled	inhales	inhaling	B1	içine çekmek	吸气
inherit	inherited	inherited	inherits	inheriting	B2	miras almak	继承
initiate	initiated	initiated	initiates	initiating		başlatmak	发起
inject	injected	injected	injects	injecting	B1	enjekte etmek	注射
injure	injured	injured	injures	injuring	A2	yaralamak	伤害
inlay	inlaid	inlaid	inlays	inlaying		kakmak	镶嵌
innovate	innovated	innovated	innovates	innovating		yenilik yapmak	创新
input	input	input	inputs	inputting	B2	giriş yapmak	输入
inquire	inquired	inquired	inquires	inquiring		sormak	询问
inscribe	inscribed	inscribed	inscribes	inscribing	B1	yazmak	铭刻
insert	inserted	inserted	inserts	inserting		eklemek	插入
inspect	inspected	inspected	inspects	inspecting	B2	incelemek	检查
inspire	inspired	inspired	inspires	inspiring	B1	ilham vermek	激励
install	installed	installed	installs	installing		kurmak	安装
insult	insulted	insulted	insults	insulting	B2	hakaret etmek	侮辱
insure	insured	insured	insures	insuring		sigortalamak	确保
integrate	integrated	integrated	integrates	integrating	B2	entegre etmek	整合
introduce	introduced	introduced	introduces	introducing	A1	tanıtmak	介绍
invent	invented	invented	invents	inventing	A2	icat etmek	发明
invite	invited	invited	invites	inviting	A2	davet etmek	邀请
join	joined	joined	joins	joining	A1	katılmak	加入
jump	jumped	jumped	jumps	jumping	A1	atlamak	跳
justify	justified	justified	justifies	justifying	B2	haklı çıkarmak	证明
keep	kept	kept	keeps	keeping	A1	tutmak için	保持
kick	kicked	kicked	kicks	kicking	A1	tekmelemek	踢
kid	kidded	kidded	kids	kidding	B1	çocuk yapmak	开玩笑
kill	killed	killed	kills	killing	A1	öldürmek	杀死
kiss	kissed	kissed	kisses	kissing	B1	öpmek	亲吻
kneel	knelt	knelt	kneels	kneeling	B2	diz çökmek	下跪
knit	knit	knit	knits	knitting	B1	örmek	编织
knock	knocked	knocked	knocks	knocking	B1	kapıyı çalmak	敲
know	knew	known	knows	knowing	A1	bilmek	知道
lade	laded	laden	lades	lading		yüklemek	装载
land	landed	landed	lands	landing	A2	karaya çıkmak	降落
last	lasted	lasted	lasts	lasting	A2	son	持续
latch	latched	latched	latches	latching		mandallamak	闩锁
laugh	laughed	laughed	laughs	laughing	A1	gülmek	笑
lay	laid	laid	lays	laying	B1	yatırmak	放置
lead	led	led	leads	leading	A2	liderlik etmek	领导
leak	leaked	leaked	leaks	leaking	B2	sızdırmak	泄漏
lean	leant	leant	leans	leaning	B2	eğilmek	倾斜
leap	leapt	leapt	leaps	leaping	B1	sıçramak	跳跃
learn	learnt	learnt	learns	learning	A1	öğrenmek	学习
leave	left	left	leaves	leaving	A1	ayrılmak	离开
leer	leered	leered	leers	leering		dik dik bakmak	色迷迷地看
lend	lent	lent	lends	lending	A2	ödünç vermek	借出
let	let	let	lets	letting	A1	izin vermek	让
lick	licked	licked	licks	licking	B2	yalamak	舔
lie	lay	lain	lies	lying	A2	yalan söylemek	撒谎
lie	lied	lied	lies	lying	A2	yalan söylemek	撒谎
lift	lifted	lifted	lifts	lifting	B1	kaldırmak	举起
light	lit	lit	lights	lighting	A1	aydınlatmak	点亮
like	liked	liked	likes	liking	A1	beğenmek	喜欢
limp	limped	limped	limps	limping	B1	aksamak	跛行
listen	listened	listened	listens	listening	A1	dinlemek	听
live	lived	lived	lives	living	A1	yaşamak	活着
look	looked	looked	looks	looking	A1	bakmak	看
lose	lost	lost	loses	losing	A2	kaybetmek	失去
love	loved	loved	loves	loving	A1	sevmek	爱
magnify	magnified	magnified	magnifies	magnifying	B2	büyütmek	放大
maintain	maintained	maintained	maintains	maintaining	B1	sürdürmek	维持
make	made	made	makes	making	A1	yapmak	制作
manage	managed	managed	manages	managing	A2	yönetmek	管理
march	marched	marched	marches	marching	B1	yürüyüşe çıkmak	游行
mark	marked	marked	marks	marking	A2	işaretlemek	标记
marry	married	married	marries	marrying	A2	evlenmek	结婚
mash	mashed	mashed	mashes	mashing	B1	ezmek	捣碎
match	matched	matched	matches	matching	B1	eşleştirmek için	匹配
matter	mattered	mattered	matters	mattering	A2	önemli olmak	重要
mean	meant	meant	means	meaning	B2	anlamına gelmek	意思是
measure	measured	measured	measures	measuring	B1	ölçmek	测量
meet	met	met	meets	meeting	A1	buluşmak	见面
melt	melted	melted	melts	melting	B1	erimek	融化
merge	merged	merged	merges	merging	B2	birleştirmek	合并
mew	mewed	mewed	mews	mewing		miyavlamak	喵喵叫
migrate	migrated	migrated	migrates	migrating		göç etmek	迁移
milk	milked	milked	milks	milking	A1	süt sağmak	挤奶
mind	minded	minded	minds	minding	A2	akla	介意
mislead	misled	misled	misleads	misleading	B1	yanıltmak	误导
miss	missed	missed	misses	missing	A1	özlemek	错过
mistake	mistook	mistaken	mistakes	mistaking	A2	hata yapmak	犯错
misuse	misused	misused	misuses	misusing		kötüye kullanmak	滥用
mix	mixed	mixed	mixes	mixing	A2	karıştırmak	混合
moan	moaned	moaned	moans	moaning		inlemek	呻吟
modify	modified	modified	modifies	modifying	B1	değiştirmek	修改
moo	mooed	mooed	moos	mooing		böğürmek	哞哞叫
motivate	motivated	motivated	motivates	motivating	B1	motive etmek	激励
mould	moulded	moulded	moulds	moulding		kalıplamak	塑造
moult	moulted	moulted	moults	moulting		tüy dökmek	换羽
move	moved	moved	moves	moving	A2	hareket etmek	移动
mow	mowed	mown	mows	mowing		biçmek	割草
multiply	multiplied	multiplied	multiplies	multiplying	B2	çoğalmak	繁殖
murmur	murmured	murmured	murmurs	murmuring	B2	mırıldanmak	低声抱怨
nail	nailed	nailed	nails	nailing	B1	çivilemek	钉子
nap	napped	napped	naps	napping	B1	kestirmek	小睡
need	needed	needed	needs	needing	B2	ihtiyaç duymak	需要
neglect	neglected	neglected	neglects	neglecting	B2	ihmal etmek	忽视
nip	nipped	nipped	nips	nipping		ısırmak	咬
nod	nodded	nodded	nods	nodding	B2	başını sallamak	点头
note	noted	noted	notes	noting	A1	not etmek	注意
notice	noticed	noticed	notices	noticing	B1	fark etmek	注意到
notify	notified	notified	notifies	notifying		bildirmek	通知
nourish	nourished	nourished	nourishes	nourishing	B2	beslemek	滋养
nurse	nursed	nursed	nurses	nursing	B1	hemşirelik yapmak	护理
obey	obeyed	obeyed	obeys	obeying	B2	itaat etmek	服从
oblige	obliged	obliged	obliges	obliging		mecbur etmek	服从
observe	observed	observed	observes	observing	B1	gözlemlemek	观察
obstruct	obstructed	obstructed	obstructs	obstructing		engellemek	阻碍
obtain	obtained	obtained	obtains	obtaining	B1	elde etmek	获得
occupy	occupied	occupied	occupies	occupying	B1	işgal etmek	占据
occur	occurred	occurred	occurs	occurring	B1	meydana gelmek	发生
offer	offered	offered	offers	offering	A2	sunmak	提供
offset	offset	offset	offsets	offsetting		dengelemek	抵消
omit	omitted	omitted	omits	omitting		ihmal etmek	省略
ooze	oozed	oozed	oozes	oozing		sızmak	渗出
open	opened	opened	opens	opening	A1	açmak	打开
operate	operated	operated	operates	operating	A2	işletmek	操作
opine	opined	opined	opines	opining		fikir beyan etmek	发表意见
oppress	oppressed	oppressed	oppresses	oppressing	B1	ezmek	压迫
opt	opted	opted	opts	opting		seçmek	选择
optimize	optimized	optimized	optimizes	optimizing		optimize etmek	优化
order	ordered	ordered	orders	ordering	A2	sipariş etmek	订购
organize	organized	organized	organizes	organizing		organize etmek	组织
originate	originated	originated	originates	originating	B2	kaynaklanmak	起源
output	output	output	outputs	outputting	B2	çıktı almak için	输出
overflow	overflowed	overflowed	overflows	overflowing		taşmak	溢出
overtake	overtook	overtaken	overtakes	overtaking	B2	geçmek	超越
owe	owed	owed	owes	owing	B1	borçlu olmak	欠
own	owned	owned	owns	owning	A2	sahip olmak	拥有
pacify	pacified	pacified	pacifies	pacifying		yatıştırmak	平息
paint	painted	painted	paints	painting	A1	boyamak	画画
pardon	pardoned	pardoned	pardons	pardoning	B1	affetmek	赦免
part	parted	parted	parts	parting	B2	ayrılmak	分开
partake	partook	partaken	partakes	partaking		katılmak	参与
participate	participated	participated	participates	participating	B1	katılmak	参与
pass	passed	passed	passes	passing	A2	geçmek	通过
paste	pasted	pasted	pastes	pasting		yapıştırmak	粘贴
pat	patted	patted	pats	patting		okşamak	轻拍
patch	patched	patched	patches	patching	B2	yama yapmak	修补
pause	paused	paused	pauses	pausing	B1	duraklamak	暂停
pay	paid	paid	pays	paying	A1	ödemek	支付
peep	peeped	peeped	peeps	peeping	B2	gözetlemek	偷看
perish	perished	perished	perishes	perishing		yok olmak	灭亡
permit	permitted	permitted	permits	permitting	B1	izin vermek	允许
persuade	persuaded	persuaded	persuades	persuading	B1	ikna etmek	说服
phone	phoned	phoned	phones	phoning	A1	telefon etmek	打电话
place	placed	placed	places	placing	B1	yerleştirmek	放置
plan	planned	planned	plans	planning	B1	planlamak	计划
play	played	played	plays	playing	A1	oynamak	玩
plead	pled	pled	pleads	pleading	B2	yalvarmak	恳求
please	pleased	pleased	pleases	pleasing	B1	memnun etmek	取悦
plod	plodded	plodded	plods	plodding		ağır ağır ilerlemek	缓慢地
plot	plotted	plotted	plots	plotting	B2	komplo kurmak	策划
pluck	plucked	plucked	plucks	plucking	B2	koparmak	拔
ply	plied	plied	plies	plying		kat etmek	运用
point	pointed	pointed	points	pointing	A2	işaret etmek	指向
polish	polished	polished	polishes	polishing	B2	cilalamak	抛光
pollute	polluted	polluted	pollutes	polluting	A2	kirletmek	污染
ponder	pondered	pondered	ponders	pondering	B2	düşünmek	思考
pour	poured	poured	pours	pouring	A2	dökmek	倒
pout	pouted	pouted	pouts	pouting		surat asmak	撅嘴
practise	practised	practised	practises	practising		pratik yapmak	练习
praise	praised	praised	praises	praising	B2	övmek	赞美
pray	prayed	prayed	prays	praying	A1	dua etmek	祈祷
preach	preached	preached	preaches	preaching		vaaz vermek	传道
prefer	preferred	preferred	prefers	preferring	A2	tercih etmek	更喜欢
prepare	prepared	prepared	prepares	preparing	A2	hazırlamak	准备
prescribe	prescribed	prescribed	prescribes	prescribing	B2	reçete etmek	开处方
present	presented	presented	presents	presenting	A1	sunmak	呈现
preserve	preserved	preserved	preserves	preserving	B1	korumak için	保存
preset	preset	preset	presets	presetting		önceden ayarlamak	预设
preside	presided	presided	presides	presiding		başkanlık etmek	主持
press	pressed	pressed	presses	pressing	B1	basmak	按
pretend	pretended	pretended	pretends	pretending	A2	taklit etmek	假装
prevent	prevented	prevented	prevents	preventing	A2	önlemek için	防止
print	printed	printed	prints	printing	A2	yazdırmak	打印
proceed	proceeded	proceeded	proceeds	proceeding	B1	devam etmek	继续
produce	produced	produced	produces	producing	A2	üretmek	生产
progress	progressed	progressed	progresses	progressing	B2	ilerlemek	进步
prohibit	prohibited	prohibited	prohibits	prohibiting	B2	yasaklamak	禁止
promise	promised	promised	promises	promising	B1	söz vermek	承诺
propose	proposed	proposed	proposes	proposing	B1	önermek	提议
prosecute	prosecuted	prosecuted	prosecutes	prosecuting	B2	kovuşturmak	起诉
protect	protected	protected	protects	protecting	B1	korumak için	保护
prove	proved	proved	proves	proving	B1	kanıtlamak için	证明
provide	provided	provided	provides	providing	A2	sağlamak	提供
pull	pulled	pulled	pulls	pulling	A2	çekmek	拉
punish	punished	punished	punishes	punishing	B1	cezalandırmak	惩罚
purify	purified	purified	purifies	purifying	B1	arındırmak	净化
push	pushed	pushed	pushes	pushing	A1	itmek	推
put	put	put	puts	putting	A1	koymak	放
qualify	qualified	qualified	qualifies	qualifying	B1	hak kazanmak için	有资格
quarrel	quarrelled	quarrelled	quarrels	quarrelling	B2	kavga etmek	争吵
question	questioned	questioned	questions	questioning	B2	sorgulamak	质疑
quit	quit	quit	quits	quitting	A2	bırakmak	退出
race	raced	raced	races	racing	B1	yarışmak	比赛
rain	rained	rained	rains	raining	A1	yağmur yağmak	下雨
rattle	rattled	rattled	rattles	rattling	B2	şıngırdatmak	发出嘎嘎声
reach	reached	reached	reaches	reaching	A2	ulaşmak	到达
read	read	read	reads	reading	A1	okumak	阅读
realize	realized	realized	realizes	realizing		farkına varmak	意识到
rebuild	rebuilt	rebuilt	rebuilds	rebuilding	B1	yeniden inşa etmek	重建
recall	recalled	recalled	recalls	recalling	B1	hatırlamak için	回忆
recast	recast	recast	recasts	recasting		yeniden dökmek	重塑
receive	received	received	receives	receiving	A2	almak	接收
recite	recited	recited	recites	reciting	B1	okumak	背诵
recognize	recognized	recognized	recognizes	recognizing		tanımak	认识到
recollect	recollected	recollected	recollects	recollecting	B2	hatırlamak	回忆
recur	recurred	recurred	recurs	recurring		tekrarlamak	复发
redo	redid	redone	redoes	redoing	B2	yeniden yapmak	重做
reduce	reduced	reduced	reduces	reducing	B1	azaltmak	减少
refer	referred	referred	refers	referring	A2	başvurmak	参考
reflect	reflected	reflected	reflects	reflecting	A2	yansıtmak	反映
refuse	refused	refused	refuses	refusing	B1	reddetmek	拒绝
regard	regarded	regarded	regards	regarding	B1	dikkate almak	看待
regret	regretted	regretted	regrets	regretting	A2	pişman olmak	后悔
relate	related	related	relates	relating	B1	ilişkilendirmek	联系
relax	relaxed	relaxed	relaxes	relaxing	A2	rahatlamak için	放松
rely	relied	relied	relies	relying	B1	güvenmek	依靠
remain	remained	remained	remains	remaining	A2	kalmak	留下
remake	remade	remade	remakes	remaking		yeniden yapmak	重塑
remove	removed	removed	removes	removing	B1	kaldırmak	删除
rend	rent	rent	rends	rending		parçalamak	撕裂
renew	renewed	renewed	renews	renewing	B1	yenilemek	更新
renounce	renounced	renounced	renounces	renouncing		vazgeçmek	放弃
repair	repaired	repaired	repairs	repairing	A2	onarmak	修理
repeat	repeated	repeated	repeats	repeating	A1	tekrarlamak	重复
replace	replaced	replaced	replaces	replacing	A2	değiştirmek	取代
reply	replied	replied	replies	replying	B1	cevaplamak için	回复
report	reported	reported	reports	reporting	B1	bildirmek	报告
request	requested	requested	requests	requesting	B1	istemek	请求
resell	resold	resold	resells	reselling		yeniden satmak	转售
resemble	resembled	resembled	resembles	resembling	B1	benzemek	类似于
reset	reset	reset	resets	resetting		sıfırlamak için	重置
resist	resisted	resisted	resists	resisting	B1	direnmek	抵抗
resolve	resolved	resolved	resolves	resolving	B1	çözmek	解决
respect	respected	respected	respects	respecting	B1	saygı duymak	尊重
rest	rested	rested	rests	resting	B1	dinlenmek	休息
restrain	restrained	restrained	restrains	restraining		kısıtlamak	抑制
retain	retained	retained	retains	retaining	B1	tutmak	保留
retch	retched	retched	retches	retching		kusmak	干呕
retire	retired	retired	retires	retiring	A2	emekli olmak	退休
return	returned	returned	returns	returning	A2	geri dönmek	返回
reuse	reused	reused	reuses	reusing		yeniden kullanmak	重复使用
review	reviewed	reviewed	reviews	reviewing	B2	gözden geçirmek	回顾
rewind	rewound	rewound	rewinds	rewinding		geri sarmak	倒回
rid	rid	rid	rids	ridding	B1	kurtulmak	摆脱
ride	rode	ridden	rides	riding	A1	binmek	骑
ring	rang	rung	rings	ringing	A1	çalmak	响铃
rise	rose	risen	rises	rising	B1	yükselmek	上升
roar	roared	roared	roars	roaring	B2	kükremek	咆哮
rob	robbed	robbed	robs	robbing	A2	soymak	抢劫
roll	rolled	rolled	rolls	rolling	B2	yuvarlamak	滚动
rot	rotted	rotted	rots	rotting		çürümek	腐烂
rub	rubbed	rubbed	rubs	rubbing	B2	ovmak	摩擦
rule	ruled	ruled	rules	ruling	B2	hükmetmek	统治
run	ran	run	runs	running	A1	koşmak	运行
rush	rushed	rushed	rushes	rushing	B1	acele etmek	冲刺
sabotage	sabotaged	sabotaged	sabotages	sabotaging		sabote etmek	破坏
sack	sacked	sacked	sacks	sacking	B2	kovmak	解雇
sacrifice	sacrificed	sacrificed	sacrifices	sacrificing		feda etmek	牺牲
sadden	saddened	saddened	saddens	saddening		üzmek	使悲伤
saddle	saddled	saddled	saddles	saddling		eyerlemek	鞍
sag	sagged	sagged	sags	sagging	B2	sarkmak	下垂
sail	sailed	sailed	sails	sailing	B2	yelken açmak	航行
sally	sallied	sallied	sallies	sallying		sally'ye	出击
salute	saluted	saluted	salutes	saluting		selamlamak	致敬
salvage	salvaged	salvaged	salvages	salvaging		kurtarmak için	挽救
salve	salved	salved	salves	salving		yatıştırmak	抚慰
sample	sampled	sampled	samples	sampling	A2	örneklemek	采样
sanctify	sanctified	sanctified	sanctifies	sanctifying		kutsallaştırmak	使神圣化
sanction	sanctioned	sanctioned	sanctions	sanctioning		onaylamak	批准
sap	sapped	sapped	saps	sapping		özsuyuna	削弱
saponify	saponified	saponified	saponifies	saponifying		sabunlaştırmak	皂化
sash	sashed	sashed	sashes	sashing		kanatlamak	腰带
sashay	sashayed	sashayed	sashays	sashaying		sallanmak	大步走
sass	sassed	sassed	sasses	sassing		küstahça davranmak	无礼
sate	sated	sated	sates	sating		doyurmak	满足
satiate	satiated	satiated	satiates	satiating		doyurmak	满足
satirise	satirised	satirised	satirises	satirising		hicvetmek	讽刺
satisfy	satisfied	satisfied	satisfies	satisfying	A2	tatmin etmek	满足
saturate	saturated	saturated	saturates	saturating		doyurmak	饱和
saunter	sauntered	sauntered	saunters	sauntering		gezinmek	漫步
save	saved	saved	saves	saving	A1	kurtarmak için	保存
savor	savored	savored	savors	savoring		tadını çıkarmak	品尝
savvy	savvied	savvied	savvies	savvying		akıllıca	精明
saw	sawed	sawn	saws	sawing	B2	testere ile kesmek	锯
say	said	said	says	saying	A1	söylemek	说
scab	scabbed	scabbed	scabs	scabbing		uyuz etmek	结痂
scabble	scabbled	scabbled	scabbles	scabbling		karalamak	刮擦
scald	scalded	scalded	scalds	scalding		haşlamak	烫伤
scale	scaled	scaled	scales	scaling	A2	ölçeklenebilir	按比例
scam	scammed	scammed	scams	scamming		dolandırıcılık yapmak	诈骗
scan	scanned	scanned	scans	scanning	B2	taramak için	扫描
scant	scanted	scanted	scants	scanting		yetersiz	不足
scar	scarred	scarred	scars	scarring	B2	yara izi bırakmak	留下疤痕
scare	scared	scared	scares	scaring	B1	korkutmak	吓唬
scarify	scarified	scarified	scarifies	scarifying		yaralamak	划伤
scarp	scarped	scarped	scarps	scarping		uçuruma doğru uçmak	陡崖
scat	scatted	scatted	scats	scatting		dışkılamak	粪便
scatter	scattered	scattered	scatters	scattering	B1	dağıtmak	散布
scold	scolded	scolded	scolds	scolding	B1	azarlamak	责骂
scorch	scorched	scorched	scorches	scorching		kavurmak	烧焦
scowl	scowled	scowled	scowls	scowling		kaşlarını çatmak	皱眉
scrawl	scrawled	scrawled	scrawls	scrawling		karalamak	乱涂乱画
scream	screamed	screamed	screams	screaming	B1	çığlık atmak	尖叫
screw	screwed	screwed	screws	screwing	B2	vidalamak	拧
scrub	scrubbed	scrubbed	scrubs	scrubbing		fırçalamak	擦洗
search	searched	searched	searches	searching	B1	aramak	搜索
seat	seated	seated	seats	seating	A1	oturmak	就座
secure	secured	secured	secures	securing	B1	güvence altına almak	确保
see	saw	seen	sees	seeing	A1	görmek için	查看
seek	sought	sought	seeks	seeking	A2	aramak	寻求
seem	seemed	seemed	seems	seeming	A2	görünmek	看起来
seize	seized	seized	seizes	seizing	B1	ele geçirmek	抓住
select	selected	selected	selects	selecting	B2	seçmek için	选择
sell	sold	sold	sells	selling	A1	satmak	出售
send	sent	sent	sends	sending	A2	göndermek	发送
sentence	sentenced	sentenced	sentences	sentencing	B2	cümle kurmak	判决
separate	separated	separated	separates	separating	B2	ayırmak	分开
set	set	set	sets	setting	A1	ayarlamak	设置
sever	severed	severed	severs	severing		ayırmak	切断
sew	sewed	sewn	sews	sewing	A2	dikmek	缝纫
shake	shook	shaken	shakes	shaking	B1	sallamak	摇晃
shape	shaped	shaped	shapes	shaping	B1	şekillendirmek	塑造
share	shared	shared	shares	sharing	A1	paylaşmak	分享
shatter	shattered	shattered	shatters	shattering	B2	parçalamak	粉碎
shave	shove	shaven	shaves	shaving	B1	tıraş olmak	刮胡子
shear	shore	shorn	shears	shearing		kesmek	剪切
shed	shed	shed	sheds	shedding	B2	dökmek	脱落
shine	shone	shone	shines	shining	A2	parlamak	闪耀
shirk	shirked	shirked	shirks	shirking		kaçmak	推卸责任
shit	shit	shit	shits	shitting		sıçmak	拉屎
shiver	shivered	shivered	shivers	shivering	B1	titremek	发抖
shock	shocked	shocked	shocks	shocking	B2	şok etmek	震惊
shoe	shod	shod	shoes	shoeing	A1	ayakkabı giymek	穿鞋
shoot	shot	shot	shoots	shooting	A2	ateş etmek	拍摄
shorten	shortened	shortened	shortens	shortening		kısaltmak	缩短
shout	shouted	shouted	shouts	shouting	B1	bağırmak	喊叫
show	showed	shown	shows	showing	A1	göstermek	显示
shrink	shrank	shrunk	shrinks	shrinking	B2	küçülmek	缩小
shun	shunned	shunned	shuns	shunning		kaçınmak	避开
shut	shut	shut	shuts	shutting	A2	kapatmak	关闭
sight	sighted	sighted	sights	sighting	A1	görüşe	看见
signal	signalled	signalled	signals	signalling	B1	sinyal vermek	发出信号
signify	signified	signified	signifies	signifying	B2	belirtmek için	表示
sing	sang	sung	sings	singing	A1	şarkı söylemek	唱歌
sink	sank	sunk	sinks	sinking	B1	batmak	沉没
sip	sipped	sipped	sips	sipping		yudumlamak	啜饮
sit	sat	sat	sits	sitting	A1	oturmak	坐
ski	skied	skied	skis	skiing	B1	kayak yapmak	滑雪
skid	skidded	skidded	skids	skidding		kaymak	打滑
slam	slammed	slammed	slams	slamming	B2	çarpmak	猛击
slay	slew	slain	slays	slaying		öldürmek	杀死
sleep	slept	slept	sleeps	sleeping	A1	uyumak	睡觉
slide	slid	slid/slide	slides	sliding	B2	kaymak	滑动
slim	slimmed	slimmed	slims	slimming	A2	zayıflamak	苗条
sling	slung	slung	slings	slinging		sapanlamak	吊索
slink	slunk	slunk	slinks	slinking		sinsice ilerlemek	偷偷溜走
slip	slipped	slipped	slips	slipping	B1	kaymak	滑倒
slit	slit	slit	slits	slitting		kesmek	切开
smash	smashed	smashed	smashes	smashing	B2	parçalamak	粉碎
smell	smelt	smelt	smells	smelling	B1	koklamak	闻
smile	smiled	smiled	smiles	smiling	B1	gülümsemek	微笑
smite	smote	smitten	smites	smiting		vurmak	击打
smooth	smoothed	smoothed	smoothes	smoothing	A2	düzeltmek için	抚平
smother	smothered	smothered	smothers	smothering		boğmak	扼杀
snap	snapped	snapped	snaps	snapping	B2	kopmak	捕捉
snatch	snatched	snatched	snatches	snatching		kapmak	抢夺
sneak	sneaked	sneaked	sneaks	sneaking	B2	gizlice girmek	偷偷摸摸
sneeze	sneezed	sneezed	sneezes	sneezing	B2	hapşırmak	打喷嚏
sniff	sniffed	sniffed	sniffs	sniffing	B2	koklamak	嗅
soar	soared	soared	soars	soaring	B2	uçmak	翱翔
sob	sobbed	sobbed	sobs	sobbing	B2	hıçkırarak ağlamak	哭泣
solicit	solicited	solicited	solicits	soliciting		rica etmek	征求
solve	solved	solved	solves	solving	A1	çözmek için	解决
soothe	soothed	soothed	soothes	soothing	B1	yatıştırmak için	抚慰
sort	sorted	sorted	sorts	sorting	B2	sıralamak	排序
sow	sowed	sowed	sows	sowing		ekmek	播种
sparkle	sparkled	sparkled	sparkles	sparkling	B1	parıldamak	闪闪发光
speak	spoke	spoken	speaks	speaking	A1	konuşmak	说话
speed	sped	sped	speeds	speeding	B1	hızlanmak	加速
spell	spelt	spelt	spells	spelling	A2	hecelemek	拼写
spend	spent	spent	spends	spending	A1	harcamak	花费
spill	spilt	spilt	spills	spilling	A2	dökmek	溢出
spin	span/spun	spun	spins	spinning	B2	döndürmek	旋转
spit	spat/spit	spat/spit	spits	spitting		tükürmek	吐痰
split	split	split	splits	splitting	B1	bölmek	分裂
spoil	spoilt	spoilt	spoils	spoiling	B1	bozmak	破坏
spray	sprayed	sprayed	sprays	spraying	B2	püskürtmek	喷洒
spread	spread	spread	spreads	spreading	B2	yaymak	传播
spring	sprang	sprung	springs	springing	A1	bahara	春天
sprout	sprouted	sprouted	sprouts	sprouting		filizlenmek	发芽
squeeze	squeezed	squeezed	squeezes	squeezing	B2	sıkmak	挤压
stand	stood	stood	stands	standing	A2	ayakta durmak	站立
stare	stared	stared	stares	staring	B1	bakmak	凝视
start	started	started	starts	starting	A1	başlamak için	开始
state	stated	stated	states	stating	A2	belirtmek	陈述
stay	stayed	stayed	stays	staying	A1	kalmak	留下来
steal	stole	stolen	steals	stealing	A2	çalmak	偷窃
steep	steeped	steeped	steeps	steeping	B1	dik	陡峭
stem	stemmed	stemmed	stems	stemming	B1	kök salmak	阻止
step	stepped	stepped	steps	stepping	A1	adım atmak	迈步
sterilize	sterilized	sterilized	sterilizes	sterilizing		sterilize etmek	消毒
stick	stuck	stuck	sticks	sticking	B1	yapışmak	坚持
stimulate	stimulated	stimulated	stimulates	stimulating	B2	uyarmak	刺激
sting	stung	stung	stings	stinging		sokmak	刺痛
stink	stank	stunk	stinks	stinking	B2	kokmak	发臭
stir	stirred	stirred	stirs	stirring	B1	karıştırmak	搅拌
stitch	stitched	stitched	stitches	stitching	B2	dikmek	缝合
stoop	stooped	stooped	stoops	stooping		eğilmek	弯腰
stop	stopped	stopped	stops	stopping	A1	durdurmak	停止
store	stored	stored	stores	storing	B2	depolamak	储存
strain	strained	strained	strains	straining	B2	zorlamak	拉紧
stray	strayed	strayed	strays	straying		sapmak	迷失
stress	stressed	stressed	stresses	stressing	B2	strese sokmak	强调
stretch	stretched	stretched	stretches	stretching	B1	esnemek	伸展
strew	strewed	strewn	strews	strewing		serpmek	散布
stride	strode	stridden	strides	striding	B2	adım atmak	大步走
strike	struck	struck/stricken	strikes	striking	B1	grev yapmak	罢工
string	strung	strung	strings	stringing	A2	dizmek	串起来
strive	strove	striven	strives	striving	B2	çabalamak	努力
study	studied	studied	studies	studying	A1	çalışmak	学习
submit	submitted	submitted	submits	submitting	B2	teslim etmek	提交
subscribe	subscribed	subscribed	subscribes	subscribing		abone olmak	订阅
subtract	subtracted	subtracted	subtracts	subtracting	B2	çıkarmak	减去
succeed	succeeded	succeeded	succeeds	succeeding	A2	başarılı olmak	成功
suck	sucked	sucked	sucks	sucking	B2	emmek	吮吸
suffer	suffered	suffered	suffers	suffering	B1	acı çekmek	遭受
suggest	suggested	suggested	suggests	suggesting	A2	önermek	建议
summon	summoned	summoned	summons	summoning		çağırmak	召唤
supply	supplied	supplied	supplies	supplying	B2	tedarik etmek	供应
support	supported	supported	supports	supporting	B1	desteklemek	支持
suppose	supposed	supposed	supposes	supposing	B1	varsaymak	假设
surge	surged	surged	surges	surging	B2	dalgalanmak	激增
surmise	surmised	surmised	surmises	surmising		tahmin etmek	推测
surpass	surpassed	surpassed	surpasses	surpassing		aşmak	超越
surround	surrounded	surrounded	surrounds	surrounding	B1	çevrelemek	包围
survey	surveyed	surveyed	surveys	surveying	A1	araştırmak	调查
survive	survived	survived	survives	surviving	A2	hayatta kalmak için	生存
swallow	swallowed	swallowed	swallows	swallowing	A2	yutmak	吞咽
sway	swayed	swayed	sways	swaying		sallanmak	摇摆
swear	swore	sworn	swears	swearing	B1	yemin etmek	发誓
sweat	sweat	sweat	sweats	sweating	A2	terlemek	出汗
sweep	swept	swept	sweeps	sweeping	B2	süpürmek	扫除
swell	swelled	swollen	swells	swelling	B1	şişmek	膨胀
swim	swam	swum	swims	swimming	A1	yüzmek	游泳
swing	swung	swung	swings	swinging	B2	sallanmak	摆动
swot	swotted	swotted	swots	swotting		çalışmak	努力学习
take	took	taken	takes	taking	A1	almak	采取
talk	talked	talked	talks	talking	A1	konuşmak	交谈
tap	tapped	tapped	taps	tapping	B2	dokunmak	轻敲
taste	tasted	tasted	tastes	tasting	B1	tadına bakmak	品尝
tax	taxed	taxed	taxes	taxing	B1	vergilendirmek	征税
teach	taught	taught	teaches	teaching	A1	öğretmek	教
tear	tore	torn	tears	tearing	B1	yırtmak	撕裂
tee	teed	teed	tees	teeing		çaya	发球
tell	told	told	tells	telling	A1	anlatmak	告诉
tempt	tempted	tempted	tempts	tempting	B1	ayartmak	诱惑
tend	tended	tended	tends	tending	B1	eğilim göstermek	照料
terminate	terminated	terminated	terminates	terminating		sonlandırmak	终止
terrify	terrified	terrified	terrifies	terrifying	A2	korkutmak	恐吓
test	tested	tested	tests	testing	B2	test etmek	测试
thank	thanked	thanked	thanks	thanking	A1	teşekkür etmek	感谢
think	thought	thought	thinks	thinking	A1	düşünmek	思考
thrive	throve	thriven	thrives	thriving		gelişmek	蓬勃发展
throw	threw	thrown	throws	throwing	A2	atmak	扔
thrust	thrust	thrust	thrusts	thrusting		itmek	推力
thump	thumped	thumped	thumps	thumping	B1	vurmak	捶打
tie	tied	tied	ties	tying	B1	bağlamak	打结
tire	tired	tired	tires	tiring	B1	yorulmak	疲倦
toss	tossed	tossed	tosses	tossing	B1	atmak	扔
touch	touched	touched	touches	touching	B1	dokunmak	触摸
train	trained	trained	trains	training	A2	eğitmek	训练
trample	trampled	trampled	tramples	trampling	B2	çiğnemek	践踏
transfer	transferred	transferred	transfers	transferring	B1	transfer etmek	转移
transform	transformed	transformed	transforms	transforming	B1	dönüştürmek	转变
translate	translated	translated	translates	translating	B1	çevirmek	翻译
trap	trapped	trapped	traps	trapping	A2	tuzağa düşürmek	诱捕
travel	travelled	travelled	travels	travelling	A1	seyahat etmek	旅行
tread	trod	trodden	treads	treading	B2	yürümek	踩踏
treasure	treasured	treasured	treasures	treasuring	A2	hazine etmek	珍惜
treat	treated	treated	treats	treating	B2	tedavi etmek	治疗
tree	treed	treed	trees	treeing	A1	ağaca	到树
tremble	trembled	trembled	trembles	trembling	B1	titremek	颤抖
triumph	triumphed	triumphed	triumphs	triumphing	B1	zafere ulaşmak	胜利
trust	trusted	trusted	trusts	trusting	A2	güvenmek	信任
try	tried	tried	tries	trying	A2	denemek için	尝试
turn	turned	turned	turns	turning	A1	dönmek	转动
type	typed	typed	types	typing	B1	yazmak	键入
typeset	typeset	typeset	typesets	typesetting		dizgi yapmak	排版
understand	understood	understood	understands	understanding	A2	anlamak	理解
undo	undid	undone	undoes	undoing	B1	geri almak	撤消
uproot	uprooted	uprooted	uproots	uprooting		kökünden sökmek	连根拔起
upset	upset	upset	upsets	upsetting	B2	üzmek	心烦意乱
urge	urged	urged	urges	urging	B2	teşvik etmek	敦促
use	used	used	uses	using	A1	kullanmak	使用
utter	uttered	uttered	utters	uttering	B2	söylemek	说出
value	valued	valued	values	valuing	B2	değer vermek	重视
vanish	vanished	vanished	vanishes	vanishing	B2	kaybolmak	消失
vary	varied	varied	varies	varying	B1	değişmek	改变
verify	verified	verified	verifies	verifying		doğrulamak için	验证
vex	vexed	vexed	vexes	vexing		sinirlendirmek	恼怒
vie	vied	vied	vies	vying		yarışmak	争夺
view	viewed	viewed	views	viewing	B1	görüntülemek için	查看
violate	violated	violated	violates	violating	B2	ihlal etmek	违反
vomit	vomited	vomited	vomits	vomiting	B2	kusmak	呕吐
wake	woke	woken	wakes	waking	B1	uyanmak	醒来
walk	walked	walked	walks	walking	A1	yürümek	走路
wander	wandered	wandered	wanders	wandering	A2	dolaşmak	徘徊
want	wanted	wanted	wants	wanting	A1	istemek	想要
warn	warned	warned	warns	warning	B1	uyarmak	警告
waste	wasted	wasted	wastes	wasting	B1	israf etmek	浪费
watch	watched	watched	watches	watching	A1	izlemek	观看
water	watered	watered	waters	watering	B2	sulamak	浇水
wave	waved	waved	waves	waving	B1	el sallamak	挥手
wax	waxed	waxed	waxes	waxing	B1	ağda yapmak	打蜡
waylay	waylaid	waylaid	waylays	waylaying		pusuya yatmak	伏击
wear	wore	worn	wears	wearing	A1	giymek	穿
weave	wove	woven	weaves	weaving	B2	örmek	编织
wed	wed	wed	weds	wedding	B2	evlenmek	结婚
weep	wept	wept	weeps	weeping	A2	ağlamak	哭泣
weigh	weighed	weighed	weighs	weighing	A2	tartmak	称重
welcome	welcomed	welcomed	welcomes	welcoming	A1	karşılamak	欢迎
wend	went	went	wends	wending		dolaşmak	走向
wet	wet	wet	wets	wetting	A2	ıslatmak	弄湿
whip	whipped	whipped	whips	whipping	B2	kırbaçlamak	鞭打
whisper	whispered	whispered	whispers	whispering	B2	fısıldamak	低声说
win	won	won	wins	winning	A1	kazanmak için	赢
wind	wound	wound	winds	winding	B2	sarmak	绕
wish	wished	wished	wishes	wishing	A2	dilemek	希望
withdraw	withdrew	withdrawn	withdraws	withdrawing	B2	geri çekilmek	撤回
work	worked	worked	works	working	A1	çalışmak	工作
worry	worried	worried	worries	worrying	A2	endişelenmek	担心
worship	worshipped	worshipped	worships	worshipping	B2	ibadet etmek	崇拜
wring	wrung	wrung	wrings	wringing		sıkmak	拧干
write	wrote	written	writes	writing	A1	yazmak	写
yawn	yawned	yawned	yawns	yawning	B2	esnemek	打哈欠
yell	yelled	yelled	yells	yelling	B2	bağırmak	大喊
yield	yielded	yielded	yields	yielding	B2	teslim olmak	屈服
zinc	zincked	zincked	zincs	zincking		çinkoya	锌
zoom	zoomed	zoomed	zooms	zooming	B2	yakınlaştırmak için	放大
